depto,2022,2023,2024,2025,2026,minimo,maximo,amplitude
INF,4,10,21,32,44,4,44,40
PSI,38,40,34,34,26,26,40,14
QUI,16,18,18,21,22,16,22,6
IND,9,12,11,13,16,9,16,7
COM,17,17,23,18,15,15,23,8
JUR,12,13,15,15,15,12,15,3
SER,17,16,14,15,14,14,17,3
HIS,20,20,19,15,14,14,20,6
IRI,8,11,12,11,14,8,14,6
DAD,20,20,17,12,12,12,20,8
EDU,14,13,13,13,12,12,14,2
ECO,12,15,14,12,12,12,15,3
GEO,15,16,13,12,10,10,16,6
DAU,10,8,7,7,8,7,10,3
SOC,11,10,10,11,8,8,11,3
LET,9,9,9,8,7,7,9,2
DEQM,9,9,6,5,7,5,9,4
TEO,7,6,6,7,7,6,7,1
MAT,6,6,5,5,6,5,6,1
FIS,6,6,5,6,6,5,6,1
ADM,4,5,6,5,5,4,6,2
MEC,7,8,7,6,5,5,8,3
ELE,0,0,1,5,4,0,5,5
BIO,0,0,0,0,4,0,4,4
FIL,3,3,5,3,4,3,5,2
CIV,3,2,2,4,3,2,4,2
CETUC,4,4,0,0,0,0,4,4
